"","Store","Age0to9","Age10to17","Age18to24","Age25to29","Age30to39","Age40to49","Age50to64","Age65Plus","EdLTHS","EdHSGrad","EdSomeCol","EdAssociate","EdBachelor","EdMaster","EdProfSchl","EdDoctorate","HHSz1Per","HHSz2Per","HHSz3Per","HHSz4Per","HHSz5PlusPer","HHIncU25K","HHInc25Kto50K","HHInc50Kto75K","HHInc75Kto100K","HHInc100Kto150K","HHInc150Kto250K","HHInc250KPlus","PopAsian","PopBlack","PopHispanic","PopMulti","PopNativeAmer","PopOther","PopPacIsl","PopWhite","HVal0to100K","HVal100Kto200K","HVal200Kto300K","HVal300Kto400K","HVal400Kto500K","HVal500Kto750K","HVal750KPlus","PopDens","cluster"
"1","S0001",0.138162853708721,0.111414427445148,0.113227534785177,0.0816713182716401,0.134923706887771,0.128832481104977,0.160429441603683,0.131358608185467,0.241934968187486,0.23282284106532,0.211753045368801,0.117754260319084,0.129967707900374,0.0384947405441698,0.00837676247721968,0.00179045304856604,0.263372805226623,0.283730968908592,0.151898734177215,0.132182231814735,0.168756927025608,0.227614769876918,0.273172723560637,0.21787318439013,0.114157382021816,0.116199031674736,0.0373913550720411,0.0135915534037216,0.0606066779391692,0.0238963473017296,0.431112107075193,0.0215739401470858,0.00456332633894921,0.00128343553282947,0.00266873102858191,0.454295434636462,0.0738525390625,0.115966796875,0.2235107421875,0.3018798828125,0.1807861328125,0.09716796875,0.0068359375,4260.94367229788,1
"2","S0002",0.138954243775679,0.11272254802121,0.100572391754749,0.0748323208203111,0.121080169961723,0.146960705130456,0.195455982020578,0.109421638515293,0.125223613595707,0.299506694855532,0.186913861332466,0.090854881552556,0.12657884750908,0.035832384669594,0.00699300699300699,0.0027104678267469,0.218165802094548,0.307428795145346,0.19526279729862,0.159244396593912,0.120093961045317,0.186845453655672,0.243319956934521,0.193207399432319,0.152295194284036,0.152490946461779,0.051678574924146,0.0200645982186552,0.0174865690508796,0.0158713437971839,0.193581235296183,0.0310755293374065,0.00870817093296815,0.000702271849432915,0.00287931458267495,0.729695565153271,0.124956491472329,0.127915071353985,0.206578489383919,0.223807866341803,0.174730247128437,0.129133310128785,0.0128785241907414,3061.06007258696,2
"3","S0003",0.108581987268648,0.0912616627917602,0.11348568991949,0.111414560849569,0.18290912413576,0.144938424520544,0.150248230910586,0.0971704721971228,0.321859983736231,0.172440304576033,0.266370961780143,0.0605455755156354,0.215125304945664,0.0605160050269831,0.0150809492126857,0.0062689435942929,0.30690069334498,0.287274116940547,0.14898727957635,0.116831358846973,0.139979254244691,0.35551673308948,0.256128186930174,0.156685046677949,0.0832559917016979,0.0863678549980892,0.0408090844570617,0.0212371021455479,0.223656023148383,0.0300928981166557,0.541976750088837,0.0169754809888827,0.00183765673384436,0.0025788111071628,0.000802071171125438,0.182080308645109,0.0246652572233968,0.0652572233967583,0.114869626497533,0.150105708245243,0.155461592670895,0.251444679351656,0.238195912614517,13740.9233280646,3
"4","S0004",0.142757736678264,0.102581944698773,0.0839406702069218,0.0623695293902216,0.131660867972899,0.134041384361838,0.158762131477751,0.183922358542392,0.198361998361998,0.206661206661207,0.196287196287196,0.114004914004914,0.184711984711985,0.0644826644826645,0.0138138138138138,0.0137046137046137,0.274992838728158,0.316623699035615,0.140265444476272,0.128807409529266,0.139310608230688,0.206435596295235,0.249307743721952,0.181323403036379,0.124510646424138,0.143416404086699,0.0653107991979376,0.0295999236131004,0.0571282088841689,0.0189328743545611,0.377009557988794,0.0230710074339913,0.0026000659171641,0.00245358333028161,0.0019042736294723,0.516900428461567,0.175373686547284,0.112919934882344,0.0951605742193281,0.247891075921267,0.152582507029747,0.161462187361255,0.0546100340387746,2947.36720349491,2
"5","S0005",0.112396032557933,0.0836520926922564,0.0913134368189299,0.103055642040653,0.183738824889917,0.146510696971045,0.16569185606903,0.113630298447716,0.164271559862067,0.158904024091498,0.257828956607218,0.0571704972772239,0.297040053675358,0.0910296618764531,0.0363088829596343,0.0171948384278113,0.355434984973005,0.303093167371473,0.145535785526211,0.101199499986702,0.0947631585946435,0.246575706800713,0.227107103912338,0.17447272533844,0.109178435596691,0.125801218117503,0.0736987685842709,0.0431660416500439,0.0801374356465369,0.179411339552778,0.301491110048592,0.0331691370242291,0.00194589305371777,0.00574872405012621,0.00137880422092002,0.3967175564031,0.021851953018301,0.0228535008649731,0.0708367477009924,0.113448056086679,0.126377128289174,0.208777201129018,0.435855412910862,12124.7402093806,3
"6","S0006",0.124271186440678,0.106169491525424,0.0914576271186441,0.07,0.136271186440678,0.152271186440678,0.194949152542373,0.124610169491525,0.141471705658868,0.277194561087782,0.200959808038392,0.103379324135173,0.119676064787043,0.0457408518296341,0.00789842031593681,0.00524895020995801,0.229728485964105,0.32646111366774,0.184721583064887,0.153704555913484,0.105384261389784,0.174321214910262,0.227887712839393,0.200460193281178,0.151311550851358,0.180487804878049,0.0479521398987575,0.0175793833410032,0.0402372881355932,0.0216949152542373,0.171559322033898,0.0324406779661017,0.00552542372881356,0.0016271186440678,0.00454237288135593,0.722372881355932,0.122939746014591,0.124290732234531,0.153336935963253,0.293704404215077,0.218589570386382,0.0786273980005404,0.00851121318562551,3624.19129565674,1
"7","S0007",0.122797273415804,0.113456197929816,0.0904822014642767,0.064276697803585,0.122418581166372,0.143069931835395,0.191719262812421,0.151754607422368,0.103607319634018,0.166791660416979,0.181828408579571,0.103157342132893,0.203614819259037,0.102482375881206,0.0228363581820909,0.0122993850307485,0.228354677060134,0.320712694877506,0.169404231625835,0.149846881959911,0.131611915367483,0.138571826280624,0.191745545657016,0.161400334075724,0.153883630289532,0.212834075723831,0.103702672605791,0.0378619153674833,0.0814420236802908,0.0184292242053975,0.271389260558936,0.0313044356365656,0.00254979677362349,0.00166620383226881,0.00184292242053975,0.591376132892378,0.0230049532195927,0.0484314804623005,0.0802421574023115,0.114584479911943,0.209025866813429,0.36862960924601,0.156081452944414,4582.324701558,2
"8","S0008",0.123948171660601,0.0941784521296927,0.117854630260527,0.106720068247664,0.185526177299896,0.142483616683008,0.146998376902154,0.082290506816457,0.342596377651898,0.20303336197619,0.279401336481267,0.0504058665020398,0.208214103965228,0.0372913312254415,0.00932700409620663,0.00405449373055136,0.30514434032022,0.255557064602291,0.160215491873783,0.13466733064723,0.144415772556476,0.423121614076388,0.30055683824528,0.13705162448881,0.0597733411803764,0.0532844402191136,0.0175351230627613,0.00866192825991821,0.278332354668233,0.0392370843904763,0.589957788143011,0.0114614609069456,0.00155109185787567,0.00296369337129815,0.000830942066719108,0.075665584595442,0.023879918125995,0.0711848987946327,0.164885148965204,0.175574255173982,0.169888560382079,0.230839208551285,0.163748010006823,32736.4559745611,3
"9","S0009",0.140008980691513,0.142373896123335,0.105493189642269,0.0685226762460709,0.117018410417602,0.146505014219428,0.186139799431223,0.0939380332285586,0.139922727050423,0.261554262238959,0.191177189807796,0.0877879395510344,0.134102802367095,0.0613781972905561,0.0201007482760307,0.0103682691837433,0.193511111111111,0.2832,0.184444444444444,0.159822222222222,0.178933333333333,0.186933333333333,0.183288888888889,0.213688888888889,0.139644444444444,0.172711111111111,0.0712888888888889,0.0324444444444444,0.0484073763621123,0.123428331936295,0.287600287390732,0.0308046940486169,0.00472997245838822,0.00314333612740989,0.00209555741827326,0.499790444258173,0.0721268163804491,0.383619550858653,0.31664464993395,0.131836195508587,0.0528401585204756,0.019550858652576,0.0233817701453104,2778.39673539859,2
"10","S0010",0.11927548841256,0.0938859447915843,0.106699359329273,0.0863719054021988,0.145851459305545,0.137388278098553,0.182077038677529,0.128450525982757,0.259448773113153,0.140830329108036,0.214443539946505,0.0669845330852425,0.191650191882777,0.0808233515525061,0.0359344109780207,0.0204674962204908,0.300906640529282,0.291595197255575,0.128889977946582,0.114677775055134,0.163930409213428,0.181083067875521,0.236461651555991,0.174222004410684,0.127664788042147,0.120803724577309,0.0889487870619946,0.0713060524381279,0.0166864373270067,0.0173190984578885,0.546777382364571,0.0128904705417161,0.00577303281929616,0.00166073546856465,0.000711743772241993,0.398181099248715,0.0585042219541616,0.0367913148371532,0.0241254523522316,0.0283474065138721,0.0566948130277443,0.205066344993969,0.590470446320869,3144.97604011776,3
"11","S0011",0.0244897959183673,0.0306122448979592,0.026530612244898,0.0122448979591837,0.0306122448979592,0.0591836734693878,0.324489795918367,0.489795918367347,0.290178571428571,0.310267857142857,0.0334821428571429,0.0357142857142857,0.0535714285714286,0.015625,0,0.0200892857142857,0.631410256410256,0.282051282051282,0.0416666666666667,0.0224358974358974,0.0256410256410256,0.403846153846154,0.304487179487179,0.150641025641026,0.0865384615384615,0.0288461538461538,0.0128205128205128,0.00320512820512821,0.0428571428571429,0.193877551020408,0.324489795918367,0.0183673469387755,0.00204081632653061,0,0,0.418367346938776,0,0.153846153846154,0.384615384615385,0.384615384615385,0.0769230769230769,0,0,117.335340762999,2
"12","S0012",0.166724602415921,0.128878074215695,0.114365169027548,0.0734335621795429,0.12535847744851,0.132745285478404,0.155079516815851,0.103328408794647,0.295647050158356,0.248582161007586,0.212491713927966,0.102231715401046,0.0855859173602416,0.0212123444059807,0.00449289239154452,0.00331442881343448,0.274452739466026,0.259774769075035,0.147285840819942,0.136403897254207,0.181829684929774,0.331646210299886,0.275971150196128,0.167910919903834,0.0941414652663545,0.0980640263191193,0.0236619005440972,0.00847779324307225,0.0307217659583714,0.0440185981836353,0.545952287837309,0.0270716551514361,0.00673532351279711,0.00212923130404554,0.00208577760396298,0.341285360448442,0.0951932139491046,0.156142004398366,0.413760603204524,0.233427584040214,0.0684888469996858,0.0276468740182218,0.00534087338988376,4978.9367513069,1
"13","S0013",0.140148688610674,0.116352983445264,0.109001464776276,0.0794848409474062,0.14142000386922,0.137882430975873,0.162369068347014,0.113340519028273,0.203798074829043,0.219173308942027,0.222875560782264,0.0781828476850037,0.125833006664053,0.0692103314604295,0.0126747680648112,0.0165512435210593,0.247734394850512,0.271449140340476,0.166765478106208,0.140679258067248,0.173371728635555,0.241805708478022,0.280257474379605,0.185313796900144,0.115016515626323,0.118827814008639,0.0448039298721098,0.0139747607351571,0.0200923085426858,0.0672967968382942,0.470054998203576,0.0203963187132079,0.00489180001658237,0.00154768814083962,0.00229389492303015,0.413426194621784,0.0705721657307634,0.329185005311883,0.272575504628927,0.236758233419335,0.0626802246167855,0.0241311276369707,0.00409773865533465,4355.86819405036,1
"14","S0014",0.142612411456729,0.121208038189098,0.0638281490606714,0.0684477979673545,0.169002155836156,0.188212195873114,0.173371573760394,0.0732984293193717,0.046865158889207,0.083738906384197,0.251359862582307,0.0593186372745491,0.405324935585457,0.161093615803035,0.0627254509018036,0.0355568279415975,0.205467839355727,0.305022782663982,0.190685599237046,0.202023948288651,0.0968528133940871,0.0857793790399491,0.0901769630179082,0.151478224011868,0.147610469428844,0.24992052559076,0.190155769842111,0.0848786690685599,0.406228946507286,0.0155338684529653,0.0962445381224615,0.0423090989586341,0.000808454120228677,0.00184789513195126,0.00136667244133895,0.435660526265134,0.0202390299223589,0.0140451888685335,0.058274448224723,0.0691790979673733,0.109395446218267,0.36500043618599,0.363866352612754,5957.58955593162,1
"15","S0015",0.160050977588511,0.126822293369805,0.0633800627894688,0.0589661496378726,0.163563457772528,0.192222809362469,0.17444282117435,0.060582512200429,0.0424799081515499,0.092470340604669,0.251722158438576,0.0817068503635668,0.33232874091083,0.187858783008037,0.0413796402602373,0.0409969383849981,0.164991550297963,0.291203415458508,0.207417948946011,0.224939962643423,0.111447122654096,0.0506982122209375,0.11109134572623,0.139197723027662,0.162856888730766,0.291470248154407,0.180201013964244,0.0645735124077204,0.291629106959684,0.0253022908830935,0.10727052314196,0.044356718783998,0.00242454384383451,0.00251779553013584,0.00202045320319542,0.524478567654098,0.0157829839704069,0.0124537607891492,0.0718865598027127,0.150061652281134,0.155117139334155,0.343526510480888,0.251171393341554,3244.42975121603,1
"16","S0016",0.145634379263302,0.113900587223441,0.110430630523756,0.0807135654546533,0.131932498961979,0.132125274334184,0.172741562370247,0.112506672993653,0.226398663120484,0.277378962976911,0.209405229835008,0.0672911714171394,0.116247322710476,0.0451432202791442,0.0126391602137124,0.00724927624920564,0.225856697819315,0.285176531671859,0.176661474558671,0.151825891311873,0.160522672204915,0.285695742471443,0.275484596746279,0.174065420560748,0.0964001384562132,0.101462443752163,0.0462962962962963,0.0206386292834891,0.0333362991962511,0.067740309042916,0.293946673784738,0.0467419995847792,0.00428567191624403,0.00271376456980158,0.00449328232049115,0.546741999584779,0.142620048683337,0.0982518256251383,0.182451869882717,0.225713653463156,0.139190086302279,0.126244744412481,0.0855277716308918,6038.23114220994,1
"17","S0017",0.110522066738428,0.11197524219591,0.0717168998923574,0.047443487621098,0.103363832077503,0.166926803013994,0.244671689989236,0.143353067814855,0.0181873641666984,0.121020322568346,0.146452129484882,0.0991726083806764,0.340336294658177,0.121821024135433,0.0413314523201281,0.0235253746139475,0.212865742685146,0.365532689346213,0.169536609267815,0.162676746465071,0.0893882122357553,0.0819683606327873,0.142797144057119,0.153996920061599,0.130617387652247,0.224345513089738,0.171706565868683,0.0946381072378552,0.075138597341084,0.0110339630765919,0.134264492168577,0.0321330534474407,0.00209914419505894,0.00196458366973465,0.00110339630765919,0.742262769793853,0.0142494632051532,0.0393324224087449,0.037575639273863,0.0648057778645325,0.0749560804216279,0.279035721257076,0.490044895569003,4048.76666350232,3
"18","S0018",0.135731655250506,0.127953815596518,0.106922091663418,0.0684598392456052,0.145866978522767,0.141838837222253,0.16246217816636,0.11082029292198,0.231722063290766,0.261155513610759,0.231751555725956,0.0922818297106792,0.129147373698646,0.0529684136019111,0.00917214734420621,0.00867077594596986,0.171167378360498,0.235159680038492,0.189751608829013,0.182895290792085,0.221086185120587,0.180188849461719,0.229265652252361,0.190413183376436,0.147350694653275,0.160221326757683,0.0642930173813677,0.028207132976484,0.066102355627332,0.020177832228843,0.714466039241893,0.0086317313582447,0.00187484917673702,0.00126227469324869,0.00144790332460879,0.186037014349093,0.0141350944270652,0.0472714633298575,0.075657513613718,0.150967442938246,0.183524504692388,0.336925037654965,0.191518943343761,7755.70877943383,1
"19","S0019",0.171342102199977,0.149031932642688,0.105886004733636,0.0661933030691033,0.124510146277112,0.120630116788888,0.157218794862841,0.10526520001552,0.271030565323235,0.318839599675412,0.217000270489586,0.0620773600216392,0.046388964024885,0.0181904246686503,0.00256965106843387,0.00148769272383013,0.187991511671452,0.257895393833479,0.168643115715891,0.157034078142554,0.228685557358632,0.320933716140307,0.298589439520659,0.179378354762202,0.0888777930345775,0.0801398077643241,0.0247160154787168,0.00736487329921358,0.0137741046831956,0.0545144143095488,0.46312031971443,0.0201373530438831,0.00469483568075117,0.00143561091064292,0.00228921739805223,0.440034144259496,0.28069432684166,0.45766299745978,0.164055884843353,0.0821337849280271,0.0116426756985605,0.00381033022861981,0,2112.99078989889,1
"20","S0020",0.110470522596243,0.0994048726055421,0.0935465873163474,0.0688116049841919,0.122466059140785,0.139854937697601,0.219360238050958,0.146085177608332,0.218766684463428,0.149225840896957,0.175787506673785,0.0627335824879872,0.204217832354511,0.0605979711692472,0.0317672183662573,0.0190870261612387,0.252918287937743,0.335927367055772,0.157717250324254,0.114137483787289,0.139299610894942,0.208300907911803,0.225162127107652,0.153566796368353,0.128923476005188,0.153566796368353,0.0824902723735409,0.0472114137483787,0.0231563284664745,0.00567283548777085,0.46517250999721,0.0139495954617316,0.00325490560773738,0.00158095415232958,0.000836975727703897,0.486375895099042,0.0151515151515152,0.0444096133751306,0.0407523510971787,0.0125391849529781,0.061128526645768,0.333855799373041,0.492163009404389,4219.76529007771,1
"21","S0021",0.0724614676423435,0.0529214749440467,0.077763139097446,0.11636692645915,0.19709836664074,0.151494468166161,0.182891791933205,0.148954745313418,0.0494422310756972,0.108207171314741,0.247350597609562,0.0480478087649402,0.373665338645418,0.161653386454183,0.0701593625498008,0.0381673306772908,0.494316491102779,0.314199845265726,0.106379813128608,0.0599595310361245,0.0251443194667619,0.220555853121466,0.173004820567756,0.168928167589121,0.115485330000595,0.156400642742367,0.0947747426054871,0.0708504433732072,0.0963696683969078,0.0394304490690033,0.121101004809753,0.0368112767274632,0.00144451323078877,0.00347635601695319,0.00120640665428512,0.700160325094846,0.0272959183673469,0.0100765306122449,0.0441326530612245,0.0466836734693878,0.0746173469387755,0.268367346938776,0.528826530612245,12566.8128393521,3
"22","S0022",0.131172408287094,0.131851023911221,0.089896610913736,0.0635104387050417,0.123667717855575,0.164544329567682,0.200750469043152,0.0946469202826234,0.0779100610696441,0.201776571463821,0.191104805379064,0.114058355437666,0.223613595706619,0.0879649620627969,0.0183208932206526,0.0162852384183579,0.158169934640523,0.295424836601307,0.212240047534165,0.191919191919192,0.142245989304813,0.108021390374332,0.174093879976233,0.195127748068925,0.155912061794415,0.223767082590612,0.11146761734997,0.0314913844325609,0.118792910745649,0.018880728085582,0.204414817180265,0.0338895098195753,0.00335302570653042,0.00179626377135558,0.00243493533450423,0.616437809356538,0.0689716312056738,0.0547872340425532,0.0590425531914894,0.16968085106383,0.218439716312057,0.307624113475177,0.12145390070922,2989.21976964103,1
"23","S0023",0.109028603398839,0.102419749632841,0.0865794810825932,0.0669802084061823,0.130533603748514,0.161637177424995,0.197129169872019,0.145674522693895,0.0810958904109589,0.186500622665006,0.185952677459527,0.0959153175591532,0.228393524283935,0.0904109589041096,0.0299377334993773,0.0123038605230386,0.237369833113546,0.347278432085853,0.1692965303988,0.151380110045018,0.0946750943567823,0.109317448046928,0.184439088718112,0.18825883315902,0.143786094311309,0.218089218316584,0.109590286935565,0.0464735573643763,0.116789342098362,0.0104026434952882,0.16154693427977,0.0345822333339161,0.00316450163470112,0.00215046243684109,0.00386383901253562,0.667500043708586,0.0654842089507559,0.0184104176021554,0.079928154467894,0.0829965574015866,0.0878610986379285,0.479344409519533,0.185975153420147,6000.98747340849,3
"24","S0024",0.122707801896328,0.121961784665736,0.101674929008038,0.0597054435192761,0.129734802907061,0.148577754247485,0.181619098041103,0.134042450786928,0.101019769539447,0.244339726834297,0.198468504951589,0.0988108824503921,0.171777785958841,0.0551117328719214,0.0166402827375474,0.00522769944409675,0.185487396182428,0.27779396765263,0.177691971441061,0.184103161882559,0.174923502841323,0.128660935450969,0.187891592597989,0.194739909660498,0.15947836223226,0.219146146000291,0.0780999562873379,0.031910243333819,0.0518602300620879,0.0108052173075998,0.518626365692833,0.013500505366511,0.00228618183568369,0.00105886316600087,0.000938537806228041,0.400924098763055,0.0313616514489877,0.0223302897975387,0.0789996030170703,0.225684795553791,0.263199682413656,0.332969432314411,0.0454545454545455,6608.15920095729,1
"25","S0025",0.130080721747388,0.117640075973409,0.0986229819563153,0.0718898385565052,0.136633428300095,0.148148148148148,0.175783475783476,0.121225071225071,0.162356530582595,0.193266017724829,0.209029492953654,0.0716257445881156,0.246295220107511,0.0748946680226645,0.0201583611797181,0.0137294784251053,0.155890101618367,0.299284907790741,0.177945050809183,0.174783590515619,0.192171622130222,0.129469326307866,0.184569062852842,0.202408731652239,0.149943545351901,0.197365449755363,0.0972525404591645,0.0390666164847572,0.103822412155745,0.0136514719848053,0.383760683760684,0.0195868945868946,0.00280151946818614,0.00135327635327635,0.00244539411206078,0.472578347578348,0.0583827312381165,0.0185661559109719,0.0676658091936025,0.145062073593558,0.185437870484286,0.389441896879544,0.135443462699922,4423.59734021742,1
"26","S0026",0.103920954667223,0.126917858261142,0.0742093727168354,0.0505166475315729,0.110392095466722,0.172111470618933,0.222593327070939,0.139338273666632,0.0695835002002403,0.149829795754906,0.158840608730477,0.0736884261113336,0.299409291149379,0.119293151782139,0.0494092911493793,0.0345915098117741,0.251672623957474,0.281642379250298,0.184859316286317,0.190083402071304,0.0916506278068005,0.144441389423518,0.163871322518559,0.162863165612684,0.122811841261113,0.199340115479791,0.121895334983045,0.084960131976904,0.232342912810521,0.00699325029573447,0.114327465033749,0.0278338320228237,0.00135689931111266,0.00163523763134089,0.000591468930485005,0.614918933964233,0.0272087067861716,0.0459346991037132,0.0545774647887324,0.114596670934699,0.0776248399487836,0.329385403329065,0.350672215108835,4717.30597852369,1
"27","S0027",0.0881431767337808,0.115883668903803,0.080089485458613,0.0335570469798658,0.0697986577181208,0.152796420581655,0.279418344519016,0.179642058165548,0.0281337918099406,0.12472647702407,0.0975304782744608,0.0512660206314473,0.337918099406064,0.133166614567052,0.0559549859331041,0.0475148483901219,0.265131226566685,0.34279592929834,0.180503481521157,0.128548473486877,0.0830208891269416,0.101231922870916,0.129619710765935,0.0867702196036422,0.102838778789502,0.203535083020889,0.176754151044456,0.19925013390466,0.0219288431416424,0.00872678451555158,0.0651152383083464,0.0279704631908704,0.00134258223316178,0.00134258223316178,0.00111881852763482,0.872454687849631,0.0536370315944159,0.0573108008817046,0.00293901542983101,0.0360029390154298,0.0734753857457752,0.129316678912564,0.647318148420279,1221.33667511006,3
"28","S0028",0.139459116595548,0.118411947872218,0.108061353938415,0.0662841656095029,0.130521277822627,0.149665551839465,0.172240802675585,0.115413447122593,0.145955531305415,0.190560632928659,0.205838221252217,0.08575455826854,0.235574955667712,0.0630655208475424,0.0169144727867958,0.00841176738053017,0.235034763439037,0.274631168390707,0.161098863829066,0.169492962523317,0.159742241817874,0.163981685602849,0.150754620993726,0.169323384771918,0.131253179582839,0.225707987112091,0.115652026454129,0.0432423266067492,0.0912760191431702,0.0213342558957504,0.345240154529205,0.0226892694458859,0.00242172634492302,0.00268119702473621,0.00069192181283515,0.513665455803494,0.042111253378859,0.0697111964717599,0.134727557262769,0.308151941954759,0.17982643334756,0.215962441314554,0.0495091762697396,4554.80838931459,2
"29","S0029",0.147710520437793,0.126669644851463,0.11210632119723,0.074223810587447,0.115546124637034,0.13354925173107,0.171990171990172,0.118226490953764,0.176089409880229,0.25199315592122,0.188321380465252,0.0896647129491427,0.12596017328625,0.0488186683170119,0.0150715351851178,0.00979285740289053,0.260699641209636,0.27434648898001,0.164146591491543,0.139543823680164,0.161327524346489,0.25089697590979,0.234559200410046,0.206752947206561,0.116670937980523,0.121348026652998,0.0511276268580215,0.0186442849820605,0.0468851214009694,0.179901270968751,0.317206102436954,0.0319417454041859,0.00475775648328084,0.00395362862695169,0.0018092876767406,0.413545087002167,0.0825416409623689,0.552375077112893,0.239481801357187,0.0795805058605799,0.0288710672424429,0.00703269586674892,0.0101172115977791,3829.22236926053,2
"30","S0030",0.132087728524144,0.108516101091966,0.0828719027438364,0.056825563770223,0.103133603489343,0.10378321526897,0.156772976149968,0.256008908961549,0.190635145639947,0.348804243449632,0.152453244318442,0.0549179203438657,0.0802505830170561,0.0317344185833829,0.00580730714710321,0.00795646805981069,0.337278106508876,0.326192794547225,0.114747958954385,0.0984195940378998,0.123286645195116,0.3873118118493,0.300052430529548,0.152423039472699,0.0760991686016029,0.0552767582952588,0.0179012808029361,0.0109355104486555,0.0289532293986637,0.0611234842860678,0.33701435288295,0.0248082157881712,0.00708364266270725,0.00136104924523633,0.00296956198960653,0.536686463746597,0.498336897125208,0.336184366832977,0.118436683297695,0.0349251603706344,0.00665241149916845,0.00249465431218817,0.00296982656212877,3640.03238517528,3
"31","S0031",0.168031827755675,0.137023168733911,0.105078399251112,0.0799204306108121,0.141118652000936,0.139831500117014,0.156213433185116,0.0726655745377955,0.246230158730159,0.296230158730159,0.239285714285714,0.0553571428571429,0.108730158730159,0.035515873015873,0.00436507936507937,0.00297619047619048,0.1726307510814,0.258356272119544,0.164372788045615,0.167125442390877,0.237514746362564,0.252457727093984,0.264254817145104,0.168698387731026,0.12347620920173,0.127015336217066,0.0479748328745576,0.016515926071569,0.0519541305874093,0.0476246197051252,0.472501755207114,0.0255090100631875,0.00491457992043061,0.0017552071144395,0.00269131757547391,0.39304937982682,0.130604288499025,0.363222871994802,0.252111760883691,0.132553606237817,0.0786224821312541,0.0331384015594542,0.00974658869395711,1784.92636204626,1
"32","S0032",0.158529752343954,0.130887901086997,0.105375219453887,0.0805722610287251,0.157110305928056,0.152291658884614,0.151171043293116,0.0640618579806507,0.129058140970251,0.261757807678064,0.259597580545612,0.126218985310456,0.168189112455252,0.0443155166028885,0.0109245772126898,0.00629551907171954,0.185698070374574,0.265039727582293,0.187741203178207,0.182973893303065,0.178774120317821,0.125539160045403,0.184790011350738,0.204880817253121,0.170488081725312,0.203405221339387,0.0783200908059024,0.0326901248581158,0.0853471781272177,0.0739551040227094,0.389758338624734,0.029544690546446,0.00306278713629403,0.00257722332200351,0.00171814888133567,0.41403652933926,0.0929243170622481,0.120689655172414,0.173309449171518,0.262203313927452,0.185624720107479,0.147111509180475,0.0181370353784147,4134.74964174563,1
"33","S0033",0.105939583208216,0.135337216983965,0.0854002762596841,0.0471443156567173,0.10434808720197,0.161341661161492,0.207615158248754,0.15284367305267,0.075458234848147,0.141283503545467,0.154974802657985,0.084957409802435,0.276947776836284,0.123177094947152,0.0360344289345761,0.0120412076885341,0.195526996578486,0.314695819077026,0.192272385879997,0.182258199115413,0.115163147792706,0.121171659851456,0.154886088625553,0.181423683551698,0.137361261787532,0.221313527497288,0.12409246432446,0.0596678628056413,0.11455768422317,0.023391988469161,0.195363641823314,0.0328208516005045,0.00219206053690469,0.00285268152062939,0.0036634436370188,0.625157648189298,0.0541941564561734,0.0599670122525919,0.0332233741753063,0.0959000942507069,0.138312912346843,0.296536286522149,0.32186616399623,4736.2695668147,3
"34","S0034",0.102799148796857,0.107709936159764,0.0740710427238501,0.0473072515960059,0.0978883614339499,0.142085447700115,0.247831068914716,0.180307742674742,0.122283230382064,0.189315946007779,0.136810798444292,0.0567375886524823,0.191718142301533,0.107412491420728,0.0344314802104781,0.0191031800503317,0.291598360655738,0.337704918032787,0.148565573770492,0.123770491803279,0.0983606557377049,0.217622950819672,0.226844262295082,0.180327868852459,0.120491803278689,0.146106557377049,0.0758196721311475,0.0334016393442623,0.0169422164020298,0.00515632673105255,0.22434113602881,0.0176788345064659,0.00589294483548862,0.00229170076935669,0.000245539368145359,0.727451301358651,0.15741935483871,0.104193548387097,0.0670967741935484,0.155483870967742,0.124516129032258,0.21258064516129,0.178709677419355,1664.74462724199,3
"35","S0035",0.128795262013644,0.119824074768224,0.100532273783642,0.0733688182522428,0.135242521928181,0.141015068595847,0.177349626408776,0.123872354249444,0.154430962985716,0.230225771770849,0.207802180924589,0.0899631393027185,0.152779910919982,0.0548686837659346,0.0117877438181539,0.00956074335739518,0.225086273681245,0.29882386083527,0.183322769209099,0.154377068807663,0.138390027466723,0.222550883865061,0.25804634129164,0.183886189168251,0.122755123600254,0.14853158673146,0.0503556588492147,0.0138742164941193,0.0608991178749032,0.0712447209935777,0.41474873178899,0.0215158557613014,0.00272384236699403,0.00217407601769248,0.00194917160206912,0.424744483594472,0.0835229554276536,0.13291393387766,0.221924775799759,0.190871369294606,0.244010172667648,0.103199036273591,0.0235577566590818,5280.44064380543,2
"36","S0036",0.152045366421093,0.123206669251648,0.0855467235362544,0.0620880186118651,0.141236913532377,0.137650252035673,0.178848390849166,0.119377665761923,0.177295821642527,0.238189125654053,0.220975202851293,0.0757564267839539,0.125881550011375,0.0666565556987943,0.00917570334420262,0.0048532645787518,0.23469387755102,0.282312925170068,0.16312358276644,0.166950113378685,0.152777777777778,0.27891156462585,0.249149659863946,0.15547052154195,0.115646258503401,0.128968253968254,0.0534297052154195,0.0184240362811791,0.0373709466337066,0.0177887644806359,0.292084726867336,0.0234598419853618,0.00475013329455674,0.00179341767243469,0.00155106393291648,0.621201105133052,0.276707163803938,0.207163803937997,0.210724759111856,0.209467951403435,0.066401340594889,0.0261834939254294,0.00335148722245496,2842.33924694994,1
"37","S0037",0.199712400609034,0.138386059888344,0.0373879208255794,0.0402639147352394,0.167991879546608,0.235916088648283,0.141684994078836,0.0389105058365759,0.0178764897074756,0.0497020585048754,0.268959913326111,0.0687973997833153,0.349404117009751,0.206392199349946,0.0719122426868906,0.131500541711809,0.153225806451613,0.24773185483871,0.211189516129032,0.261088709677419,0.126764112903226,0.053679435483871,0.079133064516129,0.0720766129032258,0.12726814516129,0.278225806451613,0.238659274193548,0.151461693548387,0.298680426323803,0.00862798172897987,0.071561495516833,0.0383183894434106,0.0010996447301641,0.0032989341904923,0.000761292505498224,0.577651835560819,0.0197979797979798,0.0355555555555556,0,0,0.0129292929292929,0.122424242424242,0.809292929292929,3188.41491374377,3
"38","S0038",0.126960200978448,0.119238397461325,0.0843316144387148,0.0597117545947375,0.134523337300013,0.164246991934418,0.20119000396668,0.109797699325664,0.0765158996642307,0.222832312857989,0.200948054513134,0.118467311870433,0.218052538020936,0.0520639936796366,0.0171834880505629,0.00738692474817302,0.197293991744382,0.292004280691026,0.196147378076747,0.182464454976303,0.132166335422718,0.121617489680477,0.178489527595169,0.166794068185293,0.150588595016053,0.233526983641645,0.112903225806452,0.0360801100749121,0.102316602316602,0.013222615962342,0.220976357962659,0.0288517480298302,0.00272385888824245,0.00150737821970699,0.00100491881313799,0.629396519807479,0.0401383357786628,0.046111926220918,0.10930622511004,0.205407671347726,0.212848459442465,0.303290714734856,0.0828966673653322,4422.12992191967,2
"39","S0039",0.141565181645342,0.110186184334481,0.0983162907010602,0.0718017231043283,0.146909203021427,0.146600894095884,0.177705839028484,0.106897555795351,0.265674001844775,0.243694821452102,0.226037686124654,0.0757148504414284,0.127974700224008,0.0420608775859797,0.0111213598629595,0.00519172486493609,0.296770037728904,0.279976074353547,0.161130026686298,0.13255728351891,0.129612588570903,0.292352995306892,0.232952976902549,0.182847151927855,0.112082451458544,0.118247906505935,0.0401674795251679,0.0214870709487439,0.0404384687847906,0.0653078701721333,0.547846193371585,0.0248865290742485,0.00330564357283549,0.00263766378350604,0.00388798492763552,0.311689646313265,0.0306280875088215,0.0376852505292872,0.157515878616796,0.179534227240649,0.206633733239238,0.282709950599859,0.105292872265349,11258.5010708711,2
"40","S0040",0.150104283651532,0.124995989090326,0.104107171506498,0.0728862506016364,0.141087758703674,0.141280282368041,0.170399486603562,0.0951548211134285,0.218607055175087,0.211681095748805,0.22726450445794,0.0909419821682388,0.167644398501098,0.0460007752939656,0.00620235172502907,0.00622819485721669,0.239036593740803,0.250122633179633,0.164475620523889,0.151967036201315,0.194398116354361,0.245315412538016,0.245707838712842,0.188413617188266,0.101932698911017,0.132983419994114,0.0584715000490533,0.0271264593348376,0.142371249799455,0.170447617519653,0.42947216428686,0.0281886731910797,0.00271137493983635,0.00202149847585432,0.0174875661800096,0.207299855607252,0.0567383110930019,0.0533767953549964,0.160232250178262,0.241927269023123,0.201894672506876,0.20484873179179,0.0809819700519507,9720.43798064107,3
"41","S0041",0.137484780644908,0.131573779505911,0.106456934134559,0.0675935744864695,0.136404697380307,0.135815561054161,0.169828364950316,0.114861945720906,0.252130436149807,0.227319895600767,0.218420804377221,0.0674507090971982,0.172227288450049,0.0607213609634917,0.0151567560768529,0.0136159240275463,0.129874881100461,0.2165800834126,0.171215336211312,0.187385673520158,0.294870856808371,0.179117582497988,0.204360869247092,0.232604082827248,0.131704104777932,0.175678641984342,0.0534865003292603,0.0230482183361381,0.24810981716777,0.0432238172855993,0.586378900650027,0.0138646138135543,0.00219948547750437,0.00145323147620824,0.00316176037391253,0.101608373755425,0.0345056403450564,0.0297500552975006,0.167330236673302,0.272506082725061,0.21300597213006,0.228268082282681,0.0546339305463393,6798.08101530284,1
"42","S0042",0.126417214258963,0.117939464097239,0.096387593204181,0.0613530353069354,0.120424908923768,0.15120356814545,0.204419325184706,0.121888938068162,0.135044412311506,0.297252633753357,0.182658541623631,0.0978103697583144,0.105969840941954,0.041830200371824,0.00784961784755216,0.00511258004544516,0.193516209476309,0.311022443890274,0.185935162094763,0.159700748129676,0.149825436408978,0.202693266832918,0.214463840399002,0.215162094763092,0.141047381546135,0.149326683291771,0.0584538653366584,0.0187531172069825,0.0264224181960571,0.0321767850454561,0.221798495011747,0.0327896761891791,0.00592461438932207,0.000851237699615241,0.00292825768667643,0.677108515781947,0.193459657701712,0.0655562347188264,0.106968215158924,0.270629584352078,0.219743276283619,0.127139364303178,0.0165036674816626,4005.29800625763,2
"43","S0043",0.119961051606621,0.125052163026847,0.0817916260954236,0.0547224926971762,0.114508276533593,0.168563082487133,0.208930310196133,0.126415356795104,0.0880238036201339,0.183403587073312,0.170096702206794,0.0844697908918092,0.277006364162327,0.113232498553599,0.0289693363087858,0.0171088519712373,0.203238414293691,0.311717316742442,0.179628300231315,0.175640105288347,0.129696099545346,0.117970806413017,0.170216160165909,0.144771476429768,0.128738932759033,0.225731833772035,0.14828108797958,0.0639706468852198,0.0701607967506816,0.0107939687308741,0.223001168419296,0.0239525955600067,0.00191954598564513,0.00205864352083681,0.00133533633784009,0.66677794469482,0.0290743009914225,0.019382867327615,0.0866659240280717,0.0960231703241617,0.0924585050685084,0.37295310237273,0.30344212988749,3324.16250548756,3
"44","S0044",0.106057042046457,0.0942957953543076,0.0932078800352837,0.073860629226698,0.131020288150544,0.155983534254631,0.226992061158483,0.118641576007057,0.184875348566196,0.210388313147709,0.185458026386981,0.100595163774087,0.151163274649353,0.0646356182627877,0.0144004661422566,0.0121529945478004,0.24240682974881,0.282630109998358,0.183549499261205,0.162534887538992,0.128796585125595,0.199228369725825,0.229683139057626,0.239041208340174,0.116237071088491,0.139714332621901,0.053111147594812,0.0230668198982105,0.0899467787938487,0.0153194742568144,0.286541797759417,0.0302272927754418,0.0024699344291217,0.00255814637301891,0.000588079625981358,0.572348495986357,0.0342097400657305,0.042426053181954,0.167612787570959,0.259635494472662,0.253958769046908,0.195996414699731,0.0461607409620556,7187.48260463132,2
"45","S0045",0.115581937672249,0.132393470426118,0.104176383294467,0.0587237651049396,0.121390714437142,0.15997456010176,0.212889548441806,0.0948696205215179,0.0596878170097189,0.238456755783893,0.187375241336431,0.114107137013646,0.19542524297261,0.062829281062862,0.0291239896593475,0.0103733760921496,0.179935804644723,0.276606457297501,0.198627981622506,0.195481150481465,0.149348605953805,0.115551639499024,0.173075712757253,0.196110516709673,0.15438353577947,0.225879539303921,0.0985587513374032,0.0364403046132545,0.0847766636280766,0.0736045451654618,0.309893790676475,0.0300396430009964,0.00235314070085434,0.00171715672765046,0.00173835619342393,0.495876703907062,0.0784075104311544,0.0635431154381085,0.168115438108484,0.299026425591099,0.204450625869263,0.144558414464534,0.0418984700973574,4961.78877961001,1
"46","S0046",0.112411358794162,0.0886889051419849,0.155054536203771,0.0936655324832257,0.148249435558241,0.14134893630553,0.165707380672242,0.0949057143765701,0.125818002222497,0.156315594517842,0.230250648228176,0.0827015680948265,0.22634893196691,0.0971724904309174,0.0229164094332634,0.0178540560563032,0.290429312528083,0.326865732608962,0.164086434377681,0.12091009354193,0.0977492749479188,0.192230709529839,0.238919978759038,0.189167109186716,0.130958702667375,0.143253952044443,0.0703402638781096,0.0350884359299048,0.132210774025313,0.0934300069961203,0.277364370667175,0.0380652547223812,0.00292565032118552,0.00351396044011957,0.00399096864466069,0.448499014183044,0.0191912268677176,0.028297268187604,0.0956623910702046,0.147752863996867,0.259473220405366,0.344169196122589,0.105453833349652,8112.43562840368,3
"47","S0047",0.130125630917732,0.138120325682496,0.10341524518292,0.0663522823564087,0.133441402939985,0.168735954021295,0.183288509007847,0.0765206498913164,0.105534709193246,0.171962945590994,0.212359287054409,0.098733583489681,0.255452626641651,0.0772162288930582,0.0164165103189493,0.019172138836773,0.148647051872858,0.247666312182441,0.19579345385797,0.216944345976604,0.190948836110126,0.10693607467801,0.162471936665485,0.176414982866596,0.176060498641144,0.238686045137658,0.111308046791918,0.0280042538107054,0.196043032937882,0.0341168668484268,0.378785645862501,0.0228428266155773,0.00254218554270135,0.00202637978041412,0.00117898459951367,0.362464077812984,0.0336093521675597,0.0711154408183147,0.134112680629972,0.260107160253288,0.236077285273583,0.237051469394382,0.0279266114628998,3218.50829402199,1
"48","S0048",0.140047559099175,0.123345922506644,0.115624562875927,0.0701077073716604,0.13073157084907,0.150846272205903,0.170205623164079,0.0990348300461603,0.140746080374842,0.20481167777978,0.210533429446747,0.098576320057668,0.17741935483871,0.0747431969724275,0.00991169580104523,0.00797440980356821,0.178632043448744,0.306602172437203,0.183723693143245,0.168957909029192,0.161999321113374,0.120502376103191,0.180838424983028,0.205872369314325,0.18397827562797,0.205872369314325,0.0784114052953157,0.0245247793618466,0.0866998657117278,0.0546105640107431,0.324054386750224,0.0395311101163832,0.00293755595344673,0.00195837063563116,0.012113921217547,0.478094225604297,0.0173557937723328,0.0491322103113834,0.170750382848392,0.34788157223073,0.256380806533946,0.138335885655947,0.020163348647269,4563.39153166096,1
"49","S0049",0.140967292735115,0.116462317019325,0.0938253574703665,0.0771151037598071,0.148014808273613,0.14855823115851,0.16346839656285,0.111605474985565,0.178262918171823,0.171875818019999,0.228155593947961,0.0733469451861159,0.243285691848594,0.0756766661431339,0.0264907596460918,0.0157845138997958,0.209970943569353,0.292348473262986,0.167099964316664,0.159708416169649,0.170872202681348,0.141255033899169,0.202324514451751,0.208594586328185,0.128205128205128,0.174083702910741,0.0996584594994138,0.0459805270938472,0.130230267626681,0.0173210161662818,0.413751528324956,0.0216682515962505,0.00234343159896753,0.00227550604537427,0.00349816601005298,0.408911832631436,0.0280569097602229,0.0498457864889066,0.143866281961994,0.104367724604517,0.12476370510397,0.345239279673664,0.203860312406726,6527.07244848613,3
"50","S0050",0.105308255858789,0.131785270553961,0.055267554946232,0.0250631935221284,0.0741613469859903,0.173385887494109,0.216700227068249,0.218371106636391,0.0196755055091415,0.0676231989344957,0.104794769342535,0.0648988981716915,0.349073737740647,0.231989344957017,0.0829398232231505,0.0533357549340114,0.189856220989471,0.34857919166761,0.184195630023774,0.190195856447413,0.087173100871731,0.0878523717876146,0.111174006566286,0.124419789426016,0.131212498584852,0.230612475942488,0.191441186459866,0.123400883052191,0.349685103466004,0.01855104751296,0.0650786170258344,0.038772974594062,0.00128529197549377,0.00175656569984148,0.00102823358039501,0.523842166145409,0.019171666910581,0.0311722523049905,0.0160983462607932,0.0332211327381823,0.0387823796282745,0.128347724279233,0.733206497877945,4077.5572073137,3
"51","S0051",0.110761714911419,0.130331021703119,0.08670017126653,0.0469157986354831,0.100991099755735,0.17547800207766,0.225594519471039,0.123255748659348,0.0450653635718164,0.154784279330076,0.15023180052625,0.0867894582967882,0.313202188531095,0.121329825001044,0.0330367957231759,0.0227623940191288,0.1581846583902,0.314478335936858,0.192386746690784,0.208336759023267,0.126531283400477,0.0747348515991121,0.111650086327386,0.132533092164762,0.133026391515251,0.277891967442243,0.196990873962016,0.0731727369892296,0.0932929054717988,0.0112018866335383,0.151379881523906,0.0359358769196216,0.00131952048064235,0.00213369269210253,0.00168449423060726,0.703051742047784,0.0136957437842394,0.012220817530552,0.0622629582806574,0.0548883270122208,0.13527180783818,0.375052675937632,0.346607669616519,4007.30771561393,1
"52","S0052",0.106195906031048,0.154073361725512,0.0747355405962357,0.0370243165269955,0.0800247286715208,0.159774694326144,0.239936804506113,0.148234647616431,0.0866735537190083,0.0974173553719008,0.120351239669421,0.0579545454545455,0.274173553719008,0.173140495867769,0.102066115702479,0.0483471074380165,0.161821508436674,0.300467574710307,0.186420004065867,0.207562512705835,0.143728400081317,0.0981906891644643,0.127464931896727,0.103476316324456,0.110998170359829,0.194348444805855,0.194145151453547,0.171173002642814,0.224718329211322,0.077425116790327,0.139461390491893,0.0270678757900522,0.00048090134652377,0.0021297059631767,0.000274800769442154,0.528441879637263,0.021637570690927,0.0513892303909516,0.0378657487091222,0.072289156626506,0.0474551266289648,0.14211949840177,0.627243668551758,2615.52061373941,3
"53","S0053",0.156436033904987,0.133136211314804,0.11665681056574,0.07210723437808,0.114803863591563,0.124778237729154,0.168657599053814,0.113384585058151,0.32906181528451,0.226678175419959,0.193347055308412,0.0863820463448642,0.0926233317840781,0.04156430515902,0.00756921851138703,0.00265586614434633,0.21854710278084,0.239127771652579,0.180693372534607,0.164155335048389,0.197598921964964,0.402303074849933,0.241577851280167,0.158642655886316,0.0867328188166115,0.0817101555800564,0.0191106210951856,0.00980031851035159,0.0154931798470393,0.0191595048490105,0.817787589686983,0.00638650161633683,0.00303555941023417,0.00145864543089174,0.000315382795868485,0.136363636363636,0.209591474245115,0.510657193605684,0.21255180580225,0.0358200118413262,0.00710479573712256,0.00473653049141504,0.019538188277087,4045.79967563996,2
"54","S0054",0.124161799697166,0.120873891412503,0.0883841661258923,0.0625567813108371,0.132359939433268,0.16145360155743,0.201384382435648,0.108803807051698,0.074831256490135,0.241303219106957,0.198565680166147,0.11046209761163,0.21047507788162,0.0551985981308411,0.0132074247144341,0.00778816199376947,0.170722311396469,0.297335473515249,0.195056179775281,0.186067415730337,0.150754414125201,0.111332263242376,0.163788121990369,0.160898876404494,0.167126805778491,0.242054574638844,0.118266452648475,0.0364686998394864,0.0902247506976141,0.0128274459754699,0.230872396114993,0.0267148326807848,0.0025957732159467,0.00199009279889247,0.0008652577386489,0.63390945077765,0.0211285975132597,0.0172158942700635,0.097904530040866,0.211025128249717,0.196243804886532,0.378227980175637,0.0782540648639249,4747.19940658146,3
"55","S0055",0.157188964881273,0.120302774148928,0.113790056097748,0.0833781603012372,0.140244371013602,0.127776070083762,0.142876354414816,0.11448167217398,0.306981001073029,0.224263081487092,0.230385659281702,0.107208230764375,0.111500347156473,0.0321593132613773,0.00634349555008521,0.00151486460897557,0.243949778613453,0.255837932916844,0.147024928731728,0.136289197549585,0.216898162188391,0.245526778674107,0.289622126523928,0.203433007824346,0.110814581185176,0.103960696306181,0.0348759628798447,0.0117061927579305,0.0567125182509798,0.0217666948436179,0.525090294321064,0.0184623069238454,0.0044762929378314,0.0010182125566741,0.00224775224775225,0.370225927918236,0.0437127448197559,0.126312801589554,0.24382628441669,0.298751064433721,0.184217996026114,0.0962248084019302,0.00695430031223389,5478.99223591741,1
"56","S0056",0.126571126512393,0.106484200634324,0.0868084106660402,0.0582050980852813,0.11153529895454,0.13543991542347,0.190355926230471,0.184541289792083,0.15804473616029,0.207012695396839,0.164003799982727,0.0925813973572847,0.186199153640211,0.0582088263235167,0.028240780723724,0.015199930909405,0.293355481727575,0.317275747508306,0.128571428571429,0.109800664451827,0.150996677740864,0.193687707641196,0.224584717607973,0.181727574750831,0.113621262458472,0.148671096345515,0.0835548172757475,0.0543189368770764,0.0227913533834586,0.00417058270676692,0.411360432330827,0.0160949248120301,0.00511043233082707,0.00111607142857143,0.000763627819548872,0.53859257518797,0.0777891504605936,0.189099283520983,0.0729273285568065,0.111821903787103,0.110798362333675,0.224155578300921,0.213408393039918,3227.22239500831,1
"57","S0057",0.140576273388773,0.121101871101871,0.105022089397089,0.0743568087318087,0.143451143451143,0.144441917879418,0.173060680873181,0.0980054573804574,0.297589125416774,0.195639907668633,0.226519620415491,0.0518081559374199,0.128135419338292,0.0418312387791741,0.00769428058476532,0.00233393177737882,0.289588600321765,0.243254424270283,0.167869455297633,0.132153527924615,0.167133992185704,0.313858883015399,0.274005975637784,0.191863939324293,0.0916570903240634,0.0800735463111928,0.0321305447023673,0.0165479200183866,0.0160148128898129,0.447440228690229,0.48327053014553,0.0152676715176715,0.00214397089397089,0.00319971413721414,0.0017379158004158,0.0309251559251559,0.0219106047326906,0.0417762196903301,0.256208004674262,0.285714285714286,0.191352614665498,0.175284837861525,0.0277534326614081,10605.8215876662,2
"58","S0058",0.1304779172796,0.120830625021381,0.0989189559029797,0.0690191919537477,0.138876535185249,0.159813212000958,0.183435393931101,0.0986281687249838,0.105272856503541,0.243162134414405,0.213731013241372,0.102377129017822,0.193750493589912,0.0530181377839787,0.0110827388317056,0.00639692526390607,0.149854323566599,0.276785223462152,0.195646198669672,0.193832114782035,0.183937111758562,0.111043922818976,0.154526963883239,0.182123027870925,0.18173822219779,0.239569017646089,0.100379308449233,0.0305095926557089,0.0825992508082035,0.0125378444486256,0.291876913603476,0.0277611480765612,0.00307887039666114,0.00266835434377298,0.00128286266527547,0.578194755657424,0.0163554891710232,0.022554144884242,0.0817027632561613,0.23629574309186,0.203286034353996,0.383345780433159,0.0564600448095594,5168.29979005432,1
"59","S0059",0.145480096137429,0.115417449206078,0.114813306891162,0.081454144284945,0.133384116310529,0.136417961413693,0.170171129877464,0.102835528821528,0.206025287694865,0.307638903498622,0.213662087391917,0.0756947804683062,0.0840047966675783,0.0254139229587865,0.00557507415900532,0.00380788084067911,0.240601219096657,0.278650664445538,0.177488358005528,0.146632340135539,0.156551698027486,0.293681141861962,0.278272062999281,0.190966569492295,0.106500586832242,0.0936281376594859,0.0280165070230568,0.00889713398705183,0.0302202492743725,0.0630803377943552,0.287414139556875,0.0454288753759473,0.00487253910508136,0.00237716867390762,0.00443913266177224,0.562167557557689,0.215977175463623,0.0932952924393723,0.144650499286733,0.285592011412268,0.161388492629577,0.0875891583452211,0.0115073704232049,7055.294865336,3
"60","S0060",0.16036149642707,0.123851558277788,0.108629075842191,0.0825977301387137,0.14291719209752,0.137062391160752,0.154476670870113,0.0901038851858524,0.260063297398873,0.224359608347344,0.235387202057165,0.112105627534369,0.147463158935812,0.0323410147364257,0.0103352784096529,0.00430224507961626,0.200626959247649,0.261755485893417,0.160266457680251,0.150274294670846,0.227076802507837,0.219729623824451,0.282621473354232,0.178095611285266,0.104721786833856,0.141359717868339,0.0550548589341693,0.0182210031347962,0.0430265725866987,0.0202972526647651,0.526827803633088,0.0181954661462243,0.00477405794925687,0.00147125056297853,0.00219186308362108,0.383215733373367,0.0459624710099093,0.0320472274931478,0.212523719165085,0.371705671515918,0.13999578325954,0.145899219903015,0.0518659076533839,3908.96451666401,2
"61","S0061",0.140052356020942,0.108965968586387,0.0942408376963351,0.0655541012216405,0.118673647469459,0.116819371727749,0.18575479930192,0.169829842931937,0.151661129568106,0.318936877076412,0.180730897009967,0.0604651162790698,0.0729235880398671,0.0365448504983389,0.023421926910299,0.00282392026578073,0.305061559507524,0.329958960328317,0.145280437756498,0.109439124487004,0.110533515731874,0.328864569083447,0.308071135430917,0.167989056087551,0.104514363885089,0.06703146374829,0.0166894664842681,0.00766073871409029,0.0218173884586015,0.0328351696301953,0.196356496127414,0.0254172575542708,0.00883604232573361,0.00119995636522308,0.00229082578815316,0.711246863750409,0.220412074748443,0.407762338284619,0.290368950646862,0.04504072831816,0.0095831336847149,0.0186871106851941,0.00814566363200767,1224.38207864184,2
"62","S0062",0.181192660550459,0.11381880733945,0.060493119266055,0.0510321100917431,0.181479357798165,0.14420871559633,0.162844036697248,0.104357798165138,0.107699154428126,0.214508233199822,0.281708945260347,0.0996884735202492,0.193146417445483,0.0716510903426791,0.00801068090787717,0.00756564307966177,0.151885830784913,0.292558613659531,0.153924566768603,0.212028542303772,0.18960244648318,0.0998980632008155,0.106014271151886,0.205912334352701,0.176350662589195,0.251783893985729,0.121304791029562,0.0407747196738022,0.151046145027228,0.056749785038693,0.268271711092003,0.0292347377472055,0.00372599598738894,0.00171969045571797,0.00630553167096589,0.482946402980797,0.149411764705882,0.0917647058823529,0.270588235294118,0.222352941176471,0.150588235294118,0.0929411764705882,0.0223529411764706,992.056558141394,1
"63","S0063",0.0876515511067006,0.0732299262199594,0.0986322647452216,0.111058376839108,0.190544505328558,0.151885489925357,0.169273417612288,0.117724468222807,0.217308336610876,0.180920333872307,0.257323486139638,0.0699209019796355,0.249268015557401,0.0658421826974901,0.026322306224417,0.00796806945476263,0.389477150673827,0.291113588002837,0.133726821359814,0.100542101530044,0.0851656702806769,0.365209241057858,0.24523761272672,0.152396392744959,0.0813405613537339,0.0861029486270139,0.0434947816394771,0.0262691255446347,0.146167038798822,0.0319062874154613,0.399195331629076,0.0229966885631384,0.0018336946790495,0.00264267762568898,0.0007334778716198,0.394524803417144,0.01504,0.0392,0.06048,0.16032,0.1296,0.20608,0.38928,18897.8870581291,3
"64","S0064",0.105599567879006,0.0993158084263594,0.180716600648181,0.0806985956067699,0.128592005761613,0.127997839395031,0.165682391069499,0.11139719121354,0.167751011077897,0.187298517085751,0.209307777973155,0.0750249106148526,0.226246996072915,0.0768126135630971,0.0235038977785593,0.0160600199284919,0.228750274544257,0.28673402152427,0.17307269931913,0.150779705688557,0.16060839007248,0.201570393147375,0.23215462332528,0.180979573907314,0.119481660443664,0.15297605974083,0.0741818581155282,0.0386558313200088,0.1731364782139,0.0586424198775657,0.377565718401152,0.0284119553474973,0.0018905293482175,0.00358300324090745,0.00160244868563198,0.355167446885128,0.0269115269115269,0.0492030492030492,0.0863940863940864,0.188265188265188,0.263109263109263,0.283783783783784,0.102333102333102,6538.19291300162,3
"65","S0065",0.10950469200266,0.114159749759858,0.102460530528805,0.0610822393537105,0.114824758010886,0.139430063298934,0.194945937292185,0.163641289623408,0.112426900584795,0.218713450292398,0.170394736842105,0.0763888888888889,0.200511695906433,0.091593567251462,0.0159722222222222,0.0244883040935673,0.248725368609618,0.306876119608654,0.165013090808874,0.145514675485738,0.133801846493041,0.193675072343944,0.195466446189886,0.1867162739424,0.137453493179,0.175899131872675,0.0863304395755822,0.0244591428965137,0.0785429289197576,0.0586178020787153,0.359612826954337,0.0251711738338013,0.00322644204718979,0.00248756218905473,0.00184719964533767,0.470494064331806,0.156471676775984,0.0890305335663617,0.139405777732086,0.160789554847332,0.201295363421404,0.210342346047085,0.0426647476097461,4948.74548581431,3
"66","S0066",0.134610465281528,0.11727254640025,0.140010800670779,0.0753773129068016,0.128329022539295,0.12994912315607,0.162095330131029,0.11232697609641,0.169346545760494,0.186921566794428,0.211040478638871,0.0913340188837992,0.152706366270917,0.0985322987753576,0.0191642516593437,0.020613256053099,0.271541311000161,0.289177001127396,0.162264454823643,0.134562731518763,0.142535029795458,0.259220486390723,0.277580930906748,0.188597197616363,0.115074891286842,0.097439201159607,0.0460621678209051,0.0159445965533902,0.060885136863648,0.0599755549870669,0.394047923595122,0.0263778744208522,0.0035246297717518,0.00173389045223274,0.00358147863903812,0.449873511270288,0.0559578670177749,0.252304147465438,0.315832784726794,0.266951942067149,0.0613890717577354,0.0373601053324556,0.0102040816326531,3386.01688142122,1
"67","S0067",0.128691983122363,0.118024937182952,0.0991561181434599,0.0727255487602522,0.140022756364671,0.156710757123216,0.178471530839615,0.106220073010003,0.111070846167784,0.229208189889473,0.214060518209821,0.0977713353868454,0.198804131183185,0.0605544482696141,0.0137343721688712,0.00688530530893278,0.185040509259259,0.283637152777778,0.187789351851852,0.176070601851852,0.167534722222222,0.126374421296296,0.168330439814815,0.179253472222222,0.177300347222222,0.214916087962963,0.0970052083333333,0.0369646990740741,0.0809292402512742,0.0133222709493896,0.292378807633045,0.0281379637311841,0.00346094583382719,0.00277349768875193,0.00128007585634704,0.577717198056181,0.0160433604336043,0.0204878048780488,0.0875880758807588,0.22840108401084,0.187642276422764,0.359457994579946,0.100379403794038,4230.08674858952,2
"68","S0068",0.100761321717291,0.100651440232321,0.0913900007848678,0.0812338121026607,0.155027077937368,0.160191507730947,0.178117887136018,0.132626952358528,0.161949790237731,0.186810503651417,0.219218219351402,0.0882333355530399,0.232825020532286,0.0778895030077024,0.0124303567068434,0.00921178220239284,0.298328602964365,0.292730999684642,0.168479974771366,0.147784610532955,0.0926363923052665,0.218148848943551,0.225520340586566,0.191185745821507,0.125197098707032,0.145853043204037,0.0642147587511826,0.0298801639861242,0.121876177320105,0.0231382644731885,0.274551048599774,0.0303120683159613,0.00174243375612206,0.00259010423207334,0.00089476328017079,0.544895140022605,0.0185069661052194,0.0256810147639842,0.054585152838428,0.139114160948222,0.189644416718653,0.396548138906217,0.175920149719276,8173.43404094543,3
"69","S0069",0.123393162137057,0.0954364306475294,0.0767386809696461,0.0584304677433854,0.131693284990861,0.150900428490097,0.206903784496449,0.156473796182543,0.140371772512655,0.210983027776596,0.186949678846399,0.0889871963928708,0.194563784082692,0.0786932664086095,0.0228423157088775,0.0111446679994896,0.285025230038587,0.334223805283467,0.162882160878599,0.129934698723657,0.0878598990798456,0.161323834965865,0.180543187889581,0.198946274859009,0.140842980112793,0.185811813594538,0.0870436331255565,0.045562481448501,0.046501872659176,0.0424569288389513,0.347505617977528,0.0322397003745318,0.0032059925093633,0.00284644194756554,0.0027565543071161,0.522486891385768,0.0232005590496157,0.0304682040531097,0.1319357092942,0.125366876310273,0.148427672955975,0.285674353598882,0.254926624737945,8009.70060843119,3
"70","S0070",0.150104283651532,0.124995989090326,0.104107171506498,0.0728862506016364,0.141087758703674,0.141280282368041,0.170399486603562,0.0951548211134285,0.218607055175087,0.211681095748805,0.22726450445794,0.0909419821682388,0.167644398501098,0.0460007752939656,0.00620235172502907,0.00622819485721669,0.239036593740803,0.250122633179633,0.164475620523889,0.151967036201315,0.194398116354361,0.245315412538016,0.245707838712842,0.188413617188266,0.101932698911017,0.132983419994114,0.0584715000490533,0.0271264593348376,0.142371249799455,0.170447617519653,0.42947216428686,0.0281886731910797,0.00271137493983635,0.00202149847585432,0.0174875661800096,0.207299855607252,0.0567383110930019,0.0533767953549964,0.160232250178262,0.241927269023123,0.201894672506876,0.20484873179179,0.0809819700519507,9720.43798064107,1
"71","S0071",0.1744573331802,0.126851958194556,0.112667968301367,0.0776386815206156,0.118525324451591,0.12352130469737,0.159526817503158,0.106753187090846,0.198530132288094,0.315727584517393,0.202253797158256,0.0698677119059285,0.0365507104360608,0.0420382165605096,0.00842724154826066,0.00862322390984811,0.270511390791779,0.27369762625458,0.170463597259838,0.126015612553768,0.159311773140035,0.361159789708459,0.242950454038553,0.176198821092879,0.107057511550104,0.0944718814720408,0.0138601242631831,0.00398279432850088,0.0261269020958943,0.147459086993971,0.446396784381281,0.037496411139822,0.0121734137238013,0.000861326442721792,0.00884295147861039,0.320643123743899,0.434045439131909,0.417429637165141,0.125805357748389,0.0111902339776195,0.000678195998643608,0.000678195998643608,0.0101729399796541,2885.76508204056,2
"72","S0072",0.165828011096058,0.131539900651571,0.113702341784401,0.0739307141474744,0.126185407393071,0.133120443842333,0.158441390878008,0.0972840461905684,0.281888383810723,0.260967194260365,0.214250506599485,0.100936524453694,0.0784818445698012,0.0215783996933019,0.00465523851251438,0.00377895832192344,0.249856678769348,0.257691572711638,0.155646856487674,0.145996560290464,0.190712784253774,0.298968087139308,0.265335371679725,0.182017962927575,0.113414867188993,0.106535448117715,0.0234091343397669,0.0101280336327155,0.0327720792206954,0.04312624991936,0.549254886781498,0.0261918585897684,0.00680601251532159,0.00193535900909619,0.00229017482743049,0.33762337913683,0.133700440528634,0.117621145374449,0.362114537444934,0.24647577092511,0.092511013215859,0.0429515418502203,0.00462555066079295,7058.24966718772,2
"73","S0073",0.107920020773825,0.105634900025967,0.101584004154765,0.0689171643728902,0.109633861334718,0.141573617242275,0.189924694884446,0.174759802648663,0.115273775216138,0.150993477931139,0.160094039132413,0.0807674806613074,0.210602153799484,0.127862884877901,0.0241923251933869,0.0426209616259669,0.255621465029659,0.323492895571803,0.151055317974893,0.144295764933094,0.12553455649055,0.133673610153125,0.186784384052973,0.201958890881501,0.152296868533591,0.199613739826183,0.0835977376189819,0.042074768933646,0.0727046115496469,0.0109576235978396,0.323691316992106,0.0200976319069381,0.00306398005816369,0.00186954715413378,0.0010905691732447,0.566524719567927,0.0320777642770352,0.0140947752126367,0.021142162818955,0.0257594167679222,0.0607533414337789,0.350911300121507,0.495261239368165,2986.62001666953,3
"74","S0074",0.133305402973032,0.13085373801322,0.107811190764361,0.0669397635229494,0.133631257176551,0.142708624274586,0.173695807342581,0.11102318219905,0.276653571516814,0.257505003335557,0.212783831196106,0.0723939416401058,0.118301089615299,0.0350851184740444,0.0113903095891088,0.00261902997059768,0.136342986939239,0.209823963657013,0.174900624645088,0.193696763202726,0.285235661555934,0.143952299829642,0.20931289040318,0.214707552526973,0.160874503123225,0.194378194207836,0.0578648495173197,0.019023282226008,0.163638338479681,0.0303505205828045,0.642900367744038,0.0132201654072339,0.00183096187564976,0.00155166260648285,0.00145856285009388,0.145049420454016,0.0122629169391759,0.0432472204054938,0.0831425768476128,0.282619359058208,0.314748201438849,0.256540222367561,0.00743950294310007,7231.86121227643,2
"75","S0075",0.13729642456009,0.124730906027705,0.110831617371771,0.0729595657057282,0.127644140771247,0.135927555222763,0.161163889928866,0.129469299887683,0.261454369076935,0.258152376688307,0.203529587344228,0.083669129169465,0.111353630326095,0.0367509887321842,0.0115476456980822,0.00199611969256026,0.222091237094988,0.254099239095488,0.174222126960312,0.159075483156503,0.190511913692709,0.290251134212124,0.30411174222127,0.167434715821813,0.106705247740507,0.0887721930482621,0.0310434751545029,0.0117172150180402,0.0453130849868963,0.0318466866342194,0.704733713964807,0.0176549045301385,0.00321742792961438,0.00156776488206664,0.00453949831523774,0.19112691875702,0.109112813010929,0.123053093537561,0.215041734790466,0.266844505636348,0.200585147577661,0.0839858876172446,0.0013768178297909,8536.32320456618,2
"76","S0076",0.11479615420172,0.0966996394564112,0.0940417860774706,0.0758990477951373,0.156998243505593,0.145118794490154,0.185679948229639,0.130789498012388,0.211561501597444,0.173921725239617,0.226071618743344,0.0625998402555911,0.206436368477103,0.0916533546325879,0.0313498402555911,0.0188032481363152,0.2667046317388,0.294798785117692,0.162870159453303,0.133194128068843,0.142432295621362,0.212730954188813,0.219248291571754,0.168248544672235,0.119273601619843,0.157681599595039,0.077575297393065,0.0452417109592508,0.162313950263474,0.0316400110936489,0.488421003975224,0.0219330683183877,0.00321253582324119,0.00231117685125266,0.000716464823888324,0.289451788850883,0.0215290519877676,0.0441590214067278,0.0925993883792049,0.173088685015291,0.161467889908257,0.329663608562691,0.177492354740061,6382.10815100749,3
"77","S0077",0.105212121212121,0.100606060606061,0.0955636363636364,0.0697212121212121,0.117818181818182,0.140509090909091,0.197672727272727,0.17289696969697,0.115197779319917,0.183483691880638,0.168632893823734,0.0712699514226232,0.21970853573907,0.0975711311589174,0.0283136710617627,0.0296321998612075,0.261639608211458,0.31208909164095,0.161143163826647,0.13739433785053,0.127733798470415,0.147189051388703,0.173084663893734,0.185697034751107,0.148396618811217,0.202468804508252,0.0935193881658393,0.0493760901650342,0.0591030303030303,0.0127030303030303,0.341915151515152,0.0211393939393939,0.00349090909090909,0.00208484848484849,0.000824242424242424,0.558739393939394,0.0242999305716269,0.031937051608424,0.0518398518861375,0.0284656329553344,0.0590141171025226,0.308956260124971,0.495487155750984,3522.76158570638,3
"78","S0078",0.106613147975917,0.0909001909050859,0.0875226393851877,0.0706838318077243,0.122326105046747,0.132654559694552,0.207254393264477,0.182094081942337,0.115081810091052,0.149654275347436,0.17108235777367,0.0612035325528856,0.221332237968097,0.113370301910043,0.0372424180187581,0.0330663380570959,0.337339650988097,0.3243961631804,0.14642320582457,0.117300358257252,0.0745406217496822,0.195770253091413,0.205015601525482,0.191263145729805,0.118109326245233,0.160869062752802,0.0798566970992719,0.0491159135559921,0.0441997063142438,0.0148311306901615,0.261918746940773,0.0223690651003426,0.00279001468428781,0.00234948604992658,0.00122369065100343,0.650318159569261,0.0635191044049647,0.060111949379411,0.0744706741299586,0.0248235580433195,0.0167924069116573,0.261377464103188,0.498904843027501,3743.9052128922,3
"79","S0079",0.132889045811634,0.160208314943949,0.102392091093653,0.045370288639774,0.113734663253597,0.175655397652043,0.19282372671904,0.0769706064083326,0.117754416703168,0.153526062198861,0.188129653964082,0.118119433493941,0.203168345743904,0.0722733245729304,0.0108044970068623,0.00401518469849613,0.116360968451944,0.262949376375642,0.187087307410125,0.212472487160675,0.221129860601614,0.0669112252384446,0.137931034482759,0.214380044020543,0.194717534849596,0.240792369772561,0.107410124724872,0.0375641966250917,0.0790785931777062,0.114205021843696,0.321786328935175,0.0282423547063236,0.00410396716826265,0.00300075018754689,0.00264772075371784,0.446935263227572,0.0960110516318425,0.363667760317734,0.319979278190295,0.186668969089967,0.0224486271801071,0.010878950094975,0.00034536349507857,2965.01437871142,2
"80","S0080",0.145510835913313,0.126024403569477,0.128164268803497,0.0881897650701147,0.129848843562193,0.141413221635403,0.163904571116372,0.076898561282098,0.0884338263177854,0.210769814182783,0.216306408797876,0.0919226393629124,0.170420932878271,0.0858551384148654,0.0156996587030717,0.00652256351915055,0.194623102649858,0.31026498585027,0.188191407254952,0.172240802675585,0.134808335477232,0.149729868793414,0.259325958322614,0.204013377926421,0.148829431438127,0.156547465912014,0.0562130177514793,0.0254695137638281,0.0792696808268451,0.0383372034785776,0.321449710877385,0.033419842462323,0.00655648135500615,0.0013204024951054,0.00446204981104585,0.515184628693712,0.0535868625756266,0.175453759723423,0.365024488619994,0.242005185825411,0.0780754825698646,0.0509939498703544,0.034860270815327,2470.57820270654,1
"81","S0081",0.1193106059359,0.100857627286046,0.0771699945678118,0.0589145500337454,0.136298539893661,0.162257814943456,0.20278523103261,0.142389175130455,0.113623052594588,0.187888016867752,0.193979149584163,0.0890711022607473,0.261098746632306,0.0936160243645309,0.0333840927726368,0.010940611456015,0.26950986632718,0.299384680670486,0.17848504137492,0.155187778485041,0.0974326331423722,0.167197114364524,0.2008911521324,0.18939104604286,0.13991088478676,0.184553363038404,0.0820708678124337,0.0359855718226183,0.301590175808257,0.0289721472311846,0.241785737802068,0.0354414960163298,0.00217291104233884,0.00217291104233884,0.00386844011325476,0.383996180944229,0.0936335403726708,0.0608695652173913,0.0576863354037267,0.121195652173913,0.140295031055901,0.335326086956522,0.190993788819876,7537.88896041058,3
"82","S0082",0.11108842148254,0.106187461711252,0.0843373493975904,0.0492138043700225,0.100265468654278,0.125587094139269,0.238309168878905,0.18521543802328,0.203741596024554,0.238526746565332,0.143525285004385,0.0517392575270389,0.109617071031862,0.061677871967261,0.0169541069862613,0.0359543992984507,0.272101641079936,0.397564849126522,0.133403917416623,0.110111169931181,0.0868184224457385,0.311275807305453,0.273160402329275,0.170989941768131,0.108523028057173,0.0979354155637904,0.0285865537321334,0.00952885124404447,0.0118464052287582,0.00428921568627451,0.242647058823529,0.0230800653594771,0.00592320261437908,0.000408496732026144,0.00183823529411765,0.709967320261438,0.259005145797599,0.0866209262435678,0.183533447684391,0.134648370497427,0.117495711835334,0.120068610634648,0.0986277873070326,960.560197297663,2
"83","S0083",0.121557744503065,0.109938702692812,0.0830105821719374,0.0655972675429234,0.146076667378244,0.159433991034125,0.19487054374676,0.119514500930133,0.143696058368182,0.207447281786636,0.213097250645075,0.0841711896076163,0.209627191031231,0.106103745884865,0.0223774357149213,0.0199305988077231,0.269357297600899,0.298162561181096,0.171547781433042,0.142983230361871,0.118029366926101,0.183743881890396,0.198908769959079,0.203723020139613,0.123405279627698,0.172029206451095,0.0795956029848351,0.0386744764502929,0.12998261612126,0.0605995913263594,0.366159382719815,0.026045320076855,0.00225685443288908,0.00210436426850468,0.00182988197261277,0.411021989081704,0.0318725099601594,0.0277290836653386,0.0804780876494024,0.179123505976096,0.212270916334661,0.34390438247012,0.124621513944223,6165.94656610224,3
"84","S0084",0.120931103132604,0.117408837992819,0.0933825656383468,0.0604570436794909,0.135054195238987,0.155983596794228,0.19877826745393,0.118004390069595,0.107730305036411,0.237994602026786,0.20209298772725,0.100168050109487,0.192621072465244,0.0589448490095228,0.0203951723786729,0.00842796761216072,0.185162786009475,0.286059872996674,0.19337768370124,0.182340489869973,0.153059167422639,0.120804354399758,0.194839229916339,0.184910795282734,0.173672008870074,0.217971978631186,0.0800322548130229,0.0278197762322347,0.152524204114274,0.0754283575232683,0.282418199452111,0.0328052951285498,0.00287556788211873,0.00212689932109374,0.00728250327542495,0.44453897330316,0.022005772005772,0.0198412698412698,0.0722222222222222,0.205050505050505,0.250721500721501,0.389466089466089,0.0406926406926407,6818.89691793352,1
"85","S0085",0.0921679626749611,0.0816796267496112,0.0891197511664075,0.0831353032659409,0.146824261275272,0.148814930015552,0.19793468118196,0.160323483670296,0.176606627390739,0.194179510120022,0.199209979911882,0.079339624234035,0.253903678320026,0.0828339438545553,0.0249666604770506,0.0108543358260605,0.278838591965774,0.294441473465664,0.179244392714461,0.157129824782157,0.0903142596495643,0.286325458491931,0.233193872094121,0.181257667746705,0.0995627418289345,0.118154078454811,0.0532888735097046,0.028185850451414,0.171222395023328,0.0148180404354588,0.196292379471229,0.0334681181959565,0.00106998444790047,0.00195334370139969,0.000472783825816485,0.580702954898911,0.0201412200486167,0.0408612107882857,0.115754138210441,0.22826716055099,0.173631207315662,0.237295983331404,0.184049079754601,10557.0481450515,3
"86","S0086",0.177501374381528,0.131803188565146,0.113386476085761,0.0824628916987356,0.150494777350192,0.125,0.13675096206707,0.0825316107751512,0.365075586239733,0.278419235805261,0.26068325199381,0.0702297345554101,0.101297464587549,0.044994643494822,0.00607070586834901,0.012617545530294,0.134705075445816,0.20877914951989,0.150891632373114,0.172290809327846,0.333333333333333,0.229355281207133,0.282853223593964,0.16159122085048,0.108916323731139,0.134156378600823,0.0598079561042524,0.0233196159122085,0.0273483130625988,0.010307153164296,0.765409193980623,0.0108568679997251,0.00439771868343297,0.00130557273414416,0.000755857898715042,0.179619322476465,0.130382775119617,0.13755980861244,0.0885167464114833,0.113038277511962,0.121411483253589,0.325358851674641,0.0837320574162679,2094.40701842755,2
"87","S0087",0.133388661534499,0.105858111782045,0.078928540766391,0.0691411727670778,0.147039464270383,0.158200497953811,0.176630512549008,0.130841656411871,0.0961175236096537,0.197229800629591,0.215655823714586,0.0813850996852046,0.251878279118573,0.0915424973767051,0.03299055613851,0.0158656873032529,0.241676847892486,0.309254734270006,0.178604153940134,0.161117898594991,0.109346365302382,0.136530238240684,0.167837507635919,0.15989615149664,0.141493585827734,0.201053756872327,0.133246792913867,0.0600183262064753,0.161462953953582,0.0355149815413674,0.246487136193229,0.0417537131900524,0.00289042154365681,0.00240391494719973,0.0031193658243425,0.506367512806571,0.0177736202057998,0.0184418014165442,0.092075370840572,0.113323533342242,0.0970199118000802,0.345449685954831,0.315916076439931,6256.72792033626,2
"88","S0088",0.149539333805811,0.120216158752658,0.109984053862509,0.078756201275691,0.145287030474841,0.135409284195606,0.164643869596031,0.0962083628632176,0.319502963650646,0.221452545883025,0.234235520959794,0.0694851103335,0.150896236520746,0.0169249446547168,0.0116403627794044,0.00199957152038849,0.0798065296251512,0.145707376058041,0.161225312374043,0.187424425634825,0.426037887948408,0.157799274486094,0.195082627972592,0.173720274083031,0.133615477629988,0.215638855300282,0.0898831116485288,0.0342603788794841,0.42869164673576,0.0194879971653822,0.486004074763044,0.0148374523872797,0.00194879971653822,0.0010629816635663,0.00482770838869696,0.0431393391797325,0.0471291072021241,0.0282110852970461,0.0949220046465317,0.155658811815466,0.133089943577829,0.375705277132426,0.165283770328576,8043.56289145426,2
"89","S0089",0.12673906255421,0.0722339798077924,0.0799708566075703,0.0913159629462582,0.181625784963397,0.149602747805572,0.174305242341186,0.124310446518405,0.0882367091652634,0.183738272792879,0.251864325234544,0.0731296608130864,0.282078421938898,0.121818619196536,0.0219388982439259,0.0250661534760645,0.282961283571678,0.332664806417858,0.171171956749215,0.129752354377398,0.0835367980467387,0.152075340076735,0.181374258807115,0.162888036274852,0.138821067317754,0.201255667945588,0.116934077432857,0.0464771538193233,0.264337508239947,0.0306699510807341,0.207160947854144,0.0359435173299101,0.00128369704749679,0.0022898379766159,0.00530826076397322,0.453006279707178,0.0356943669827105,0.0600483361219558,0.0609778769287972,0.0803123257110987,0.0687860197062651,0.415690648819483,0.27849042572969,7547.02571104244,2
"90","S0090",0.125962114578052,0.0833294925565746,0.0660459971424621,0.0714845370327695,0.165691109369959,0.157855924782228,0.187537447573397,0.142001198322349,0.0709833354535046,0.165373362167663,0.228660475766442,0.0908917440529195,0.273247678412416,0.118878005342832,0.0304032565831319,0.0212441165246152,0.285714285714286,0.318733153638814,0.179469901168014,0.143530997304582,0.0725516621743037,0.13162623539982,0.164982030548068,0.161500449236298,0.126123090745732,0.230458221024259,0.12533692722372,0.0598607367475292,0.201308876394138,0.018573140381602,0.202691492303438,0.0383906350815743,0.0013826159093004,0.00396349893999447,0.00659046916766522,0.527099271822288,0.0222810500772116,0.0196337966026914,0.0176483564968012,0.0701522170747849,0.0542686962276638,0.29119788219722,0.524818001323627,7621.04392637538,2
"91","S0091",0.151461988304094,0.150146198830409,0.102631578947368,0.0583333333333333,0.130555555555556,0.171052631578947,0.161111111111111,0.0747076023391813,0.172024539877301,0.254723926380368,0.219141104294479,0.0895705521472393,0.171533742331288,0.021840490797546,0.00907975460122699,0.00392638036809816,0.115228426395939,0.243147208121827,0.185279187817259,0.210152284263959,0.245177664974619,0.156345177664975,0.162944162436548,0.17258883248731,0.17005076142132,0.228934010152284,0.0812182741116751,0.0269035532994924,0.114018418359889,0.0476538517760561,0.378161087560298,0.0394679140476539,0.00394679140476539,0.00467767870194416,0.00628563075573747,0.405788627393656,0.101090909090909,0.210909090909091,0.368727272727273,0.167272727272727,0.0443636363636364,0.0749090909090909,0.0327272727272727,1054.52239797844,2
"92","S0092",0.122439226431325,0.0807340618727499,0.0591964826201931,0.0728645617612387,0.170038550992449,0.159365342339185,0.205499091980756,0.129926402650779,0.0807670712218719,0.120416360730791,0.230510085086166,0.0528657193452252,0.281734548438647,0.19388416187967,0.0450049669589254,0.0668163952835486,0.303075323131778,0.334794235626207,0.181919477046501,0.12383004011291,0.0563066409151686,0.191204872975784,0.210592779676125,0.168102807903729,0.138760956767197,0.17805675233992,0.0799286881592631,0.0331302926756797,0.28114445931307,0.0618109985343784,0.125597400114701,0.0491301854329956,0.00235773911935258,0.00659529726629708,0.00162492831198624,0.47173899190722,0.027035283335879,0.0488773484038491,0.137925767527112,0.136856575530777,0.151061554910646,0.357110126775622,0.141133343516114,8639.43652755014,3
"93","S0093",0.155369226243013,0.154339511621065,0.0790820829655781,0.0453662842012357,0.132068255369226,0.172491909385113,0.155398646660783,0.105913503971756,0.082647412755716,0.230950661853189,0.216077015643803,0.11927797833935,0.183297232250301,0.0472202166064982,0.0189169675090253,0.00433212996389892,0.135541576567722,0.270689994102615,0.173383133477492,0.214468252408099,0.205917043444073,0.0763711421269904,0.134460389227442,0.17308826420287,0.183212109298211,0.257420876744643,0.128268134460389,0.0472773736976607,0.119002088788209,0.117442852519785,0.235562354740961,0.0476890941719867,0.00308905298461357,0.00305963343237916,0.00438351328292783,0.469771410079139,0.0137037498442756,0.192849134172169,0.346455711972094,0.197458577301607,0.108135044225738,0.112744487355176,0.0286532951289398,3207.43809374683,2
"94","S0094",0.0958594007243991,0.0849110964767863,0.0760207441554165,0.0976703984194929,0.148337174843596,0.145785314455054,0.205424761277577,0.145908791570629,0.0273593265396544,0.109603455914931,0.199601240584847,0.0800841825431989,0.372175454142667,0.151030128489145,0.0397651750110767,0.0357775808595481,0.383766745468873,0.33438402941949,0.132125032834253,0.106032746694685,0.0436914455826985,0.139129673408633,0.18702390333596,0.189300411522634,0.14394536380352,0.168198931792312,0.11154890114701,0.0608528149899308,0.107882280304589,0.0213624202510805,0.112986211154559,0.037826713315497,0.00127598271249228,0.00312821568223914,0.0018933937024079,0.713644782877135,0.00847947581422239,0.0192715359414145,0.121025245712083,0.162073617267296,0.0998265561765273,0.189631913663519,0.399691655424937,4435.82351897796,3
"95","S0095",0.0919457571399219,0.0816724881857407,0.159954797616602,0.0779741113622355,0.126155742757345,0.14228477501541,0.205979042531333,0.114136018080953,0.0898581997533909,0.173551171393342,0.189272503082614,0.0653514180024661,0.308723797780518,0.0735203452527744,0.0218865598027127,0.0103267570900123,0.305658512478379,0.329132690882135,0.176921176179886,0.121077341240425,0.0667160859896219,0.195206325673338,0.208302446256486,0.199654064739313,0.124289597232518,0.169261181121819,0.0761057573511243,0.0269335310106252,0.212840267077555,0.0266050333846944,0.146070878274268,0.040472521828454,0.00338983050847458,0.00133538777606574,0.00215716486902928,0.567128916281459,0.196016296966953,0.0534178361249434,0.183793571751924,0.184698958804889,0.189678587596197,0.181077410593029,0.0113173381620643,2663.83409856068,2
